variable_name,variable_value,timestamp
headers,{'Content-Type': 'application/json'},2024-10-22-17-54-55
response_data,"{'candidates': [{'content': {'parts': [{'text': '## CIS: Defining the Security+ 701 Objective\n\n**Definition:** CIS, standing for **Center for Internet Security**, refers to a non-profit organization that specializes in developing and promoting cybersecurity best practices. These practices are encapsulated in the **CIS Controls**, a comprehensive and adaptable framework for cybersecurity.\n\n**Significance:** The CIS Controls are considered a **gold standard** in cybersecurity, offering a structured approach for organizations of all sizes to enhance their security posture. Their **actionable recommendations** are designed to mitigate the most common cyber threats, making them highly valuable for professionals seeking to build a strong security foundation.\n\n**Context:** Within the Security+ 701 exam objectives, CIS is relevant in several areas, including:\n\n* **Understanding common cyber threats and vulnerabilities:** The CIS Controls directly address the most frequent attack vectors, providing insights into how to protect against them.\n* **Implementing security best practices:** The exam expects you to be familiar with the principles behind the CIS Controls and how they translate into actionable steps within an organization.\n* **Evaluating and mitigating security risks:** The CIS framework provides a structured approach to risk assessment and mitigation, enabling you to identify and address potential security weaknesses.\n\n**Related Terms:**\n\n* **CIS Controls:** A set of prioritized cybersecurity best practices developed by the Center for Internet Security.\n* **CIS Benchmarks:** Configurations for specific technologies and operating systems designed to enhance security.\n* **CIS SecureSuite:** A suite of tools and resources that support the implementation of the CIS Controls.\n* **NIST Cybersecurity Framework:** Another prominent cybersecurity framework, often used in conjunction with CIS Controls.\n\n**Example Questions for Security+ 701:**\n\n* Which of the following is a key benefit of implementing the CIS Controls?\n* How do CIS Benchmarks contribute to a secure IT environment?\n* What are the steps involved in using the CIS SecureSuite to evaluate security posture?\n\n**In conclusion,** understanding CIS and its related components is essential for success on the Security+ 701 exam. Familiarizing yourself with the CIS Controls, Benchmarks, and SecureSuite will equip you with valuable knowledge and skills for building and maintaining secure IT systems. \n'}], 'role': 'model'}, 'finishReason': 'STOP', 'index': 0, 'safetyRatings': [{'category': 'HARM_CATEGORY_SEXUALLY_EXPLICIT', 'probability': 'NEGLIGIBLE'}, {'category': 'HARM_CATEGORY_HATE_SPEECH', 'probability': 'NEGLIGIBLE'}, {'category': 'HARM_CATEGORY_HARASSMENT', 'probability': 'NEGLIGIBLE'}, {'category': 'HARM_CATEGORY_DANGEROUS_CONTENT', 'probability': 'NEGLIGIBLE'}]}], 'usageMetadata': {'promptTokenCount': 22, 'candidatesTokenCount': 444, 'totalTokenCount': 466}}",2024-10-22-17-54-55
headers,{'Content-Type': 'application/json'},2024-10-22-20-32-25
explanation_text,"## Security+ 701 Objective: SPF (Sender Policy Framework)

**Definition:**

Sender Policy Framework (SPF) is an email authentication mechanism that allows domain owners to specify which mail servers are authorized to send emails on their behalf. It helps prevent email spoofing and phishing attacks by verifying the legitimacy of the sending server.

**Significance:**

SPF plays a crucial role in protecting email recipients from malicious actors who attempt to impersonate legitimate senders. It enhances email security by:

* **Preventing spoofing:** SPF records specify authorized senders, stopping spoofed emails claiming to originate from a particular domain.
* **Improving deliverability:** Email providers can use SPF to filter out spam and phishing emails, increasing legitimate email delivery rates.
* **Building trust:** By verifying the authenticity of senders, SPF contributes to building trust between senders and recipients.

**Context:**

SPF operates within the Domain Name System (DNS). When an email is sent, the receiving email server checks the sender's domain name for an SPF record. This record lists the authorized sending servers. If the sending server is not listed, the email is likely to be flagged as suspicious and potentially blocked.

**Related Terms:**

* **DKIM (DomainKeys Identified Mail):** Another email authentication method that uses digital signatures to verify the sender's identity.
* **DMARC (Domain-based Message Authentication, Reporting & Conformance):** An email authentication protocol that combines SPF and DKIM and provides a framework for reporting and enforcing authentication policies.
* **Email spoofing:** Creating emails that appear to originate from a legitimate source but are actually sent by an attacker.
* **Phishing:** Using fraudulent emails to trick recipients into revealing sensitive information like passwords or credit card details.
* **DNS (Domain Name System):** A hierarchical system for translating domain names into IP addresses.

**In Summary:**

SPF is a critical component of email authentication that helps prevent spoofing and phishing attacks by verifying the legitimacy of email senders. It strengthens email security and contributes to a more trustworthy online environment.",2024-10-22-20-32-25
response_data,"{'candidates': [{'content': {'parts': [{'text': ""## Security+ 701 Objective: SPF (Sender Policy Framework)\n\n**Definition:**\n\nSender Policy Framework (SPF) is an email authentication mechanism that allows domain owners to specify which mail servers are authorized to send emails on their behalf. It helps prevent email spoofing and phishing attacks by verifying the legitimacy of the sending server.\n\n**Significance:**\n\nSPF plays a crucial role in protecting email recipients from malicious actors who attempt to impersonate legitimate senders. It enhances email security by:\n\n* **Preventing spoofing:** SPF records specify authorized senders, stopping spoofed emails claiming to originate from a particular domain.\n* **Improving deliverability:** Email providers can use SPF to filter out spam and phishing emails, increasing legitimate email delivery rates.\n* **Building trust:** By verifying the authenticity of senders, SPF contributes to building trust between senders and recipients.\n\n**Context:**\n\nSPF operates within the Domain Name System (DNS). When an email is sent, the receiving email server checks the sender's domain name for an SPF record. This record lists the authorized sending servers. If the sending server is not listed, the email is likely to be flagged as suspicious and potentially blocked.\n\n**Related Terms:**\n\n* **DKIM (DomainKeys Identified Mail):** Another email authentication method that uses digital signatures to verify the sender's identity.\n* **DMARC (Domain-based Message Authentication, Reporting & Conformance):** An email authentication protocol that combines SPF and DKIM and provides a framework for reporting and enforcing authentication policies.\n* **Email spoofing:** Creating emails that appear to originate from a legitimate source but are actually sent by an attacker.\n* **Phishing:** Using fraudulent emails to trick recipients into revealing sensitive information like passwords or credit card details.\n* **DNS (Domain Name System):** A hierarchical system for translating domain names into IP addresses.\n\n**In Summary:**\n\nSPF is a critical component of email authentication that helps prevent spoofing and phishing attacks by verifying the legitimacy of email senders. It strengthens email security and contributes to a more trustworthy online environment.""}], 'role': 'model'}, 'finishReason': 'STOP', 'index': 0, 'safetyRatings': [{'category': 'HARM_CATEGORY_SEXUALLY_EXPLICIT', 'probability': 'NEGLIGIBLE'}, {'category': 'HARM_CATEGORY_HATE_SPEECH', 'probability': 'NEGLIGIBLE'}, {'category': 'HARM_CATEGORY_HARASSMENT', 'probability': 'NEGLIGIBLE'}, {'category': 'HARM_CATEGORY_DANGEROUS_CONTENT', 'probability': 'NEGLIGIBLE'}]}], 'usageMetadata': {'promptTokenCount': 22, 'candidatesTokenCount': 427, 'totalTokenCount': 449}}",2024-10-22-20-32-25
headers,{'Content-Type': 'application/json'},2024-10-22-20-39-13
response_data,"{'candidates': [{'content': {'parts': [{'text': '## Network Access Control (NAC)\n\n**Definition:**\n\nNetwork Access Control (NAC) is a security framework that controls access to a network based on the identity and security posture of devices and users attempting to connect. It ensures that only authorized devices meeting specific security criteria can access the network.\n\n**Significance:**\n\nNAC is crucial for modern network security due to its ability to:\n\n* **Prevent unauthorized access:** By verifying device identity and security status, NAC blocks unauthorized devices from connecting to the network, reducing the risk of malware and other security threats.\n* **Enforce security policies:** NAC can enforce security policies such as requiring specific software updates, anti-virus installations, and password complexity.\n* **Improve network visibility:** NAC provides detailed information about connected devices, their security status, and user activity, enhancing network monitoring and threat detection.\n* **Reduce risk of insider threats:** NAC can restrict access based on user roles and privileges, preventing unauthorized access to sensitive data even from legitimate users.\n\n**Context:**\n\nNAC operates by integrating with various network infrastructure components:\n\n* **Network devices:** Switches, routers, and firewalls enforce access control policies defined by NAC.\n* **Directory services:** Active Directory or LDAP are used for user authentication and authorization.\n* **Security agents:** Software agents installed on devices verify their security posture and report back to the NAC system.\n* **Network monitoring tools:** NAC systems integrate with monitoring tools for threat detection and incident response.\n\n**Related terms:**\n\n* **802.1X:** A port-based authentication standard used in NAC for device authorization.\n* **Endpoint Security:** Measures taken to secure individual computers and mobile devices, often integrated with NAC.\n* **Network Segmentation:** Dividing a network into smaller, isolated segments to limit the impact of security breaches.\n* **Zero Trust:** A security model that assumes no user or device can be trusted by default, requiring strict verification before granting access.\n* **Vulnerability Assessment:** The process of identifying security weaknesses in devices and systems, often used as part of NAC enforcement.\n\n**Security+ 701 Objectives:**\n\nNAC is covered in the Security+ 701 exam objectives related to network security and access control. The exam requires understanding NAC principles, functionalities, implementation methods, and its role in securing networks.\n\n**In conclusion**, NAC is a key component of modern network security, providing a comprehensive approach to controlling access and enforcing security policies. By understanding its functionalities and related technologies, you can better protect your network and data against security threats.\n'}], 'role': 'model'}, 'finishReason': 'STOP', 'index': 0, 'safetyRatings': [{'category': 'HARM_CATEGORY_SEXUALLY_EXPLICIT', 'probability': 'NEGLIGIBLE'}, {'category': 'HARM_CATEGORY_HATE_SPEECH', 'probability': 'NEGLIGIBLE'}, {'category': 'HARM_CATEGORY_HARASSMENT', 'probability': 'NEGLIGIBLE'}, {'category': 'HARM_CATEGORY_DANGEROUS_CONTENT', 'probability': 'NEGLIGIBLE'}]}], 'usageMetadata': {'promptTokenCount': 22, 'candidatesTokenCount': 522, 'totalTokenCount': 544}}",2024-10-22-20-39-13
headers,{'Content-Type': 'application/json'},2024-10-22-21-22-26
explanation_text,"## Access Control Lists (ACLs) in Security+ 701:

**Definition:**

An Access Control List (ACL) is a set of rules that define what access is permitted or denied to a specific resource or network. It acts like a gatekeeper, allowing authorized entities to access resources while blocking unauthorized entities. 

**Significance:**

ACLs play a crucial role in network security by enforcing access control policies. They provide a granular level of control over network traffic and help prevent unauthorized access to sensitive data and systems. This is particularly important in modern network environments with diverse users, devices, and applications.

**Context:**

In the Security+ 701 exam, ACLs are addressed within the ""Network Security"" domain. The objective covers the following aspects:

* **Understanding how ACLs function:** The exam expects you to know how ACLs filter network traffic based on defined rules, such as source/destination IP addresses, port numbers, and protocols.
* **Types of ACLs:** You should be familiar with different ACL types, including Standard, Extended, and Implicit ACLs.
* **Implementing ACLs:**  The exam may test your knowledge on how to configure and apply ACLs using different networking devices like firewalls and routers.
* **Troubleshooting ACLs:** You should understand how to troubleshoot common issues related to ACLs, such as traffic being blocked incorrectly or ACLs being misconfigured.

**Related Terms:**

* **Firewall:**  A hardware or software device that acts as a barrier between a private network and the outside world. ACLs are often used within firewalls to control network access.
* **Router:** A network device that forwards data packets between different networks. ACLs can be applied on routers to filter traffic entering and exiting the network.
* **Network Access Control (NAC):**  A security solution that ensures devices meet certain security criteria before being allowed to access the network. ACLs can be used as part of a NAC implementation.
* **Packet Filtering:**  The process of examining network traffic and allowing or blocking packets based on specific criteria defined in ACLs.
* **Implicit Deny:**  A rule that automatically blocks any traffic not explicitly permitted by the ACL.
* **Access Control Model:**  A framework that defines how access to resources is controlled. ACLs are one implementation of an access control model.

**In summary:**

Understanding ACLs is fundamental to network security. The Security+ 701 exam expects you to be familiar with ACL concepts, types, implementation, and troubleshooting. Mastering these concepts will help you build secure and reliable network infrastructure. 
",2024-10-22-21-22-26
response_data,"{'candidates': [{'content': {'parts': [{'text': '## Access Control Lists (ACLs) in Security+ 701:\n\n**Definition:**\n\nAn Access Control List (ACL) is a set of rules that define what access is permitted or denied to a specific resource or network. It acts like a gatekeeper, allowing authorized entities to access resources while blocking unauthorized entities. \n\n**Significance:**\n\nACLs play a crucial role in network security by enforcing access control policies. They provide a granular level of control over network traffic and help prevent unauthorized access to sensitive data and systems. This is particularly important in modern network environments with diverse users, devices, and applications.\n\n**Context:**\n\nIn the Security+ 701 exam, ACLs are addressed within the ""Network Security"" domain. The objective covers the following aspects:\n\n* **Understanding how ACLs function:** The exam expects you to know how ACLs filter network traffic based on defined rules, such as source/destination IP addresses, port numbers, and protocols.\n* **Types of ACLs:** You should be familiar with different ACL types, including Standard, Extended, and Implicit ACLs.\n* **Implementing ACLs:**  The exam may test your knowledge on how to configure and apply ACLs using different networking devices like firewalls and routers.\n* **Troubleshooting ACLs:** You should understand how to troubleshoot common issues related to ACLs, such as traffic being blocked incorrectly or ACLs being misconfigured.\n\n**Related Terms:**\n\n* **Firewall:**  A hardware or software device that acts as a barrier between a private network and the outside world. ACLs are often used within firewalls to control network access.\n* **Router:** A network device that forwards data packets between different networks. ACLs can be applied on routers to filter traffic entering and exiting the network.\n* **Network Access Control (NAC):**  A security solution that ensures devices meet certain security criteria before being allowed to access the network. ACLs can be used as part of a NAC implementation.\n* **Packet Filtering:**  The process of examining network traffic and allowing or blocking packets based on specific criteria defined in ACLs.\n* **Implicit Deny:**  A rule that automatically blocks any traffic not explicitly permitted by the ACL.\n* **Access Control Model:**  A framework that defines how access to resources is controlled. ACLs are one implementation of an access control model.\n\n**In summary:**\n\nUnderstanding ACLs is fundamental to network security. The Security+ 701 exam expects you to be familiar with ACL concepts, types, implementation, and troubleshooting. Mastering these concepts will help you build secure and reliable network infrastructure. \n'}], 'role': 'model'}, 'finishReason': 'STOP', 'index': 0, 'safetyRatings': [{'category': 'HARM_CATEGORY_SEXUALLY_EXPLICIT', 'probability': 'NEGLIGIBLE'}, {'category': 'HARM_CATEGORY_HATE_SPEECH', 'probability': 'NEGLIGIBLE'}, {'category': 'HARM_CATEGORY_HARASSMENT', 'probability': 'NEGLIGIBLE'}, {'category': 'HARM_CATEGORY_DANGEROUS_CONTENT', 'probability': 'NEGLIGIBLE'}]}], 'usageMetadata': {'promptTokenCount': 22, 'candidatesTokenCount': 537, 'totalTokenCount': 559}}",2024-10-22-21-22-26
